time,temperature_2m_max (°F),temperature_2m_min (°F),temperature_2m_mean (°F),sunrise (iso8601),sunset (iso8601),precipitation_sum (inch),rain_sum (inch),snowfall_sum (inch),shortwave_radiation_sum (MJ/m²),et0_fao_evapotranspiration (inch)
2022-01-01,1.5,-10.0,-3.7,2022-01-01T09:20,2022-01-01T16:43,0.008,0.000,0.055,2.27,0.004
2022-01-02,6.7,-5.2,2.2,2022-01-02T09:20,2022-01-02T16:45,0.059,0.000,0.413,1.47,0.005
2022-01-03,6.2,-13.9,-4.2,2022-01-03T09:20,2022-01-03T16:46,0.020,0.000,0.138,2.59,0.003
2022-01-04,19.2,8.1,13.5,2022-01-04T09:20,2022-01-04T16:47,0.079,0.000,0.551,1.35,0.005
2022-01-05,12.5,-1.4,6.8,2022-01-05T09:19,2022-01-05T16:48,0.000,0.000,0.000,3.08,0.005
2022-01-06,10.5,-9.5,-0.1,2022-01-06T09:19,2022-01-06T16:50,0.000,0.000,0.028,2.25,0.004
2022-01-07,14.0,3.2,9.7,2022-01-07T09:18,2022-01-07T16:51,0.039,0.000,0.276,2.30,0.005
2022-01-08,4.7,-13.0,-4.7,2022-01-08T09:18,2022-01-08T16:52,0.000,0.000,0.000,3.29,0.003
2022-01-09,-11.0,-30.1,-17.4,2022-01-09T09:17,2022-01-09T16:54,0.000,0.000,0.000,3.64,0.003
2022-01-10,6.9,-19.8,-8.3,2022-01-10T09:16,2022-01-10T16:55,0.024,0.000,0.165,2.51,0.004
2022-01-11,9.5,-5.7,3.8,2022-01-11T09:15,2022-01-11T16:57,0.004,0.000,0.028,2.71,0.006
2022-01-12,10.3,-9.0,0.2,2022-01-12T09:15,2022-01-12T16:59,0.008,0.000,0.055,2.29,0.006
2022-01-13,5.9,-10.8,-0.4,2022-01-13T09:14,2022-01-13T17:00,0.000,0.000,0.000,3.02,0.005
2022-01-14,-7.1,-24.7,-15.9,2022-01-14T09:13,2022-01-14T17:02,0.000,0.000,0.000,3.79,0.003
2022-01-15,-3.5,-23.6,-14.6,2022-01-15T09:12,2022-01-15T17:04,0.000,0.000,0.000,3.25,0.003
2022-01-16,-0.8,-19.7,-10.5,2022-01-16T09:11,2022-01-16T17:06,0.000,0.000,0.000,4.06,0.004
2022-01-17,11.9,-6.4,2.9,2022-01-17T09:10,2022-01-17T17:07,0.055,0.000,0.386,1.50,0.004
2022-01-18,9.4,-2.9,4.5,2022-01-18T09:08,2022-01-18T17:09,0.016,0.000,0.110,2.56,0.005
2022-01-19,16.4,8.9,11.9,2022-01-19T09:07,2022-01-19T17:11,0.114,0.000,0.799,2.07,0.005
2022-01-20,17.3,6.0,12.5,2022-01-20T09:06,2022-01-20T17:13,0.083,0.000,0.579,2.81,0.006
2022-01-21,9.7,-4.3,2.7,2022-01-21T09:05,2022-01-21T17:15,0.000,0.000,0.000,2.96,0.005
2022-01-22,1.1,-14.9,-8.0,2022-01-22T09:03,2022-01-22T17:16,0.000,0.000,0.000,4.05,0.005
2022-01-23,7.2,-6.6,-1.0,2022-01-23T09:02,2022-01-23T17:18,0.047,0.000,0.358,2.74,0.005
2022-01-24,3.4,-14.5,-4.9,2022-01-24T09:01,2022-01-24T17:20,0.000,0.000,0.000,3.97,0.005
2022-01-25,0.4,-14.1,-8.6,2022-01-25T08:59,2022-01-25T17:22,0.000,0.000,0.000,3.83,0.005
2022-01-26,-0.2,-19.7,-10.2,2022-01-26T08:58,2022-01-26T17:24,0.000,0.000,0.000,4.95,0.005
2022-01-27,2.1,-20.2,-9.9,2022-01-27T08:56,2022-01-27T17:26,0.000,0.000,0.000,5.29,0.006
2022-01-28,1.6,-13.7,-5.9,2022-01-28T08:55,2022-01-28T17:28,0.000,0.000,0.000,3.97,0.005
2022-01-29,2.3,-10.9,-4.5,2022-01-29T08:53,2022-01-29T17:30,0.000,0.000,0.000,4.22,0.006
2022-01-30,2.8,-13.3,-5.6,2022-01-30T08:51,2022-01-30T17:32,0.000,0.000,0.000,4.97,0.006
2022-01-31,4.0,-16.9,-6.7,2022-01-31T08:49,2022-01-31T17:34,0.016,0.004,0.110,4.78,0.007
2022-02-01,0.2,-24.7,-10.9,2022-02-01T08:48,2022-02-01T17:36,0.000,0.000,0.000,4.80,0.006
2022-02-02,0.6,-19.5,-10.0,2022-02-02T08:46,2022-02-02T17:38,0.000,0.000,0.000,4.54,0.006
2022-02-03,4.2,-17.3,-7.2,2022-02-03T08:44,2022-02-03T17:40,0.000,0.000,0.000,6.21,0.008
2022-02-04,7.3,-10.0,-2.7,2022-02-04T08:42,2022-02-04T17:42,0.008,0.000,0.055,6.08,0.009
2022-02-05,14.8,0.3,7.5,2022-02-05T08:40,2022-02-05T17:45,0.059,0.000,0.413,4.20,0.009
2022-02-06,19.9,12.5,16.6,2022-02-06T08:38,2022-02-06T17:47,0.094,0.004,0.634,2.82,0.011
2022-02-07,22.3,12.0,17.2,2022-02-07T08:36,2022-02-07T17:49,0.012,0.000,0.110,4.70,0.014
2022-02-08,10.7,1.4,7.4,2022-02-08T08:34,2022-02-08T17:51,0.000,0.000,0.000,4.51,0.010
2022-02-09,2.8,-7.4,-2.0,2022-02-09T08:32,2022-02-09T17:53,0.000,0.000,0.000,6.46,0.009
2022-02-10,-7.6,-24.0,-13.4,2022-02-10T08:30,2022-02-10T17:55,0.000,0.000,0.000,7.32,0.007
2022-02-11,-9.1,-30.5,-21.3,2022-02-11T08:28,2022-02-11T17:57,0.000,0.000,0.000,7.73,0.006
2022-02-12,-8.2,-28.2,-18.9,2022-02-12T08:26,2022-02-12T17:59,0.000,0.000,0.000,8.05,0.007
2022-02-13,-5.3,-37.3,-20.0,2022-02-13T08:24,2022-02-13T18:01,0.000,0.000,0.000,8.31,0.007
2022-02-14,-0.1,-27.5,-15.2,2022-02-14T08:22,2022-02-14T18:03,0.000,0.000,0.000,8.48,0.010
2022-02-15,0.5,-27.8,-13.6,2022-02-15T08:20,2022-02-15T18:05,0.000,0.000,0.000,8.79,0.010
2022-02-16,3.3,-27.0,-11.9,2022-02-16T08:18,2022-02-16T18:07,0.000,0.000,0.000,8.33,0.011
2022-02-17,3.1,-17.7,-6.9,2022-02-17T08:16,2022-02-17T18:09,0.000,0.000,0.000,9.11,0.012
2022-02-18,5.4,-23.8,-9.4,2022-02-18T08:14,2022-02-18T18:11,0.000,0.000,0.000,8.94,0.013
2022-02-19,11.5,-12.2,-1.3,2022-02-19T08:11,2022-02-19T18:13,0.016,0.000,0.110,5.68,0.011
2022-02-20,11.3,0.5,5.4,2022-02-20T08:09,2022-02-20T18:15,0.039,0.000,0.276,4.84,0.011
2022-02-21,17.5,-3.8,5.2,2022-02-21T08:07,2022-02-21T18:17,0.000,0.000,0.000,8.18,0.017
2022-02-22,18.8,-6.7,4.7,2022-02-22T08:04,2022-02-22T18:19,0.000,0.000,0.000,9.31,0.019
2022-02-23,24.3,-7.7,8.2,2022-02-23T08:02,2022-02-23T18:21,0.000,0.000,0.000,9.95,0.024
2022-02-24,23.7,7.1,16.2,2022-02-24T08:00,2022-02-24T18:24,0.039,0.000,0.276,4.80,0.018
2022-02-25,22.7,12.2,17.3,2022-02-25T07:57,2022-02-25T18:26,0.016,0.000,0.110,8.70,0.023
2022-02-26,23.6,12.1,19.2,2022-02-26T07:55,2022-02-26T18:28,0.039,0.000,0.276,5.19,0.018
2022-02-27,21.3,17.0,19.0,2022-02-27T07:53,2022-02-27T18:30,0.087,0.004,0.606,5.61,0.019
2022-02-28,26.0,13.5,20.0,2022-02-28T07:50,2022-02-28T18:32,0.063,0.000,0.441,5.85,0.025
2022-03-01,20.7,6.2,16.3,2022-03-01T07:48,2022-03-01T18:34,0.043,0.000,0.303,7.43,0.022
2022-03-02,28.8,-2.9,11.9,2022-03-02T07:46,2022-03-02T18:36,0.000,0.000,0.000,8.38,0.026
2022-03-03,19.4,0.9,13.2,2022-03-03T07:43,2022-03-03T18:38,0.043,0.000,0.331,8.48,0.022
2022-03-04,17.5,-1.0,7.2,2022-03-04T07:41,2022-03-04T18:40,0.043,0.000,0.303,8.22,0.020
2022-03-05,22.1,-8.1,6.9,2022-03-05T07:39,2022-03-05T18:42,0.020,0.000,0.138,7.44,0.019
2022-03-06,30.9,13.6,22.1,2022-03-06T07:36,2022-03-06T18:44,0.039,0.000,0.276,7.92,0.027
2022-03-07,38.3,23.7,30.6,2022-03-07T07:34,2022-03-07T18:45,0.008,0.000,0.055,11.05,0.043
2022-03-08,36.7,25.0,31.6,2022-03-08T07:31,2022-03-08T18:47,0.016,0.000,0.110,6.27,0.027
2022-03-09,31.1,7.6,24.4,2022-03-09T07:29,2022-03-09T18:49,0.280,0.000,1.984,11.16,0.035
2022-03-10,18.4,-3.7,9.1,2022-03-10T07:26,2022-03-10T18:51,0.004,0.000,0.028,12.28,0.028
2022-03-11,15.8,-6.0,7.5,2022-03-11T07:24,2022-03-11T18:53,0.000,0.000,0.000,11.02,0.025
2022-03-12,15.2,-5.3,5.5,2022-03-12T07:21,2022-03-12T18:55,0.000,0.000,0.000,10.93,0.025
2022-03-13,12.2,-7.1,3.1,2022-03-13T07:19,2022-03-13T18:57,0.000,0.000,0.000,14.63,0.027
2022-03-14,10.7,-15.0,-1.8,2022-03-14T07:16,2022-03-14T18:59,0.000,0.000,0.000,15.15,0.027
2022-03-15,6.8,-14.6,-3.0,2022-03-15T07:14,2022-03-15T19:01,0.000,0.000,0.000,15.03,0.022
2022-03-16,15.7,-16.7,-1.3,2022-03-16T07:11,2022-03-16T19:03,0.000,0.000,0.000,15.58,0.030
2022-03-17,19.0,-12.8,4.2,2022-03-17T07:09,2022-03-17T19:05,0.000,0.000,0.000,15.55,0.036
2022-03-18,18.8,-5.6,7.3,2022-03-18T07:06,2022-03-18T19:07,0.000,0.000,0.000,10.85,0.027
2022-03-19,17.5,-1.4,9.4,2022-03-19T07:04,2022-03-19T19:09,0.004,0.000,0.028,11.25,0.026
2022-03-20,19.9,7.1,13.4,2022-03-20T07:01,2022-03-20T19:11,0.012,0.000,0.083,9.56,0.025
2022-03-21,32.0,5.4,18.0,2022-03-21T06:59,2022-03-21T19:13,0.000,0.000,0.000,16.40,0.053
2022-03-22,31.0,2.5,17.4,2022-03-22T06:56,2022-03-22T19:15,0.008,0.000,0.055,14.90,0.049
2022-03-23,32.2,2.6,17.8,2022-03-23T06:54,2022-03-23T19:17,0.000,0.000,0.000,16.56,0.053
2022-03-24,28.7,11.3,21.4,2022-03-24T06:51,2022-03-24T19:18,0.028,0.000,0.193,13.74,0.043
2022-03-25,30.6,3.7,16.8,2022-03-25T06:49,2022-03-25T19:20,0.012,0.000,0.083,14.91,0.049
2022-03-26,29.0,10.7,19.5,2022-03-26T06:46,2022-03-26T19:22,0.008,0.000,0.055,15.07,0.049
2022-03-27,26.7,11.3,19.3,2022-03-27T06:44,2022-03-27T19:24,0.024,0.000,0.165,15.11,0.046
2022-03-28,20.1,6.0,12.4,2022-03-28T06:41,2022-03-28T19:26,0.000,0.000,0.000,12.50,0.031
2022-03-29,26.1,-4.8,12.8,2022-03-29T06:39,2022-03-29T19:28,0.000,0.000,0.000,18.39,0.054
2022-03-30,30.5,1.5,17.6,2022-03-30T06:36,2022-03-30T19:30,0.000,0.000,0.000,19.13,0.059
2022-03-31,36.9,1.8,21.2,2022-03-31T06:34,2022-03-31T19:32,0.000,0.000,0.000,17.50,0.063
2022-04-01,43.2,23.8,32.9,2022-04-01T06:31,2022-04-01T19:34,0.000,0.000,0.000,10.74,0.057
2022-04-02,48.2,26.0,37.5,2022-04-02T06:29,2022-04-02T19:36,0.000,0.000,0.000,18.03,0.096
2022-04-03,37.3,18.5,27.9,2022-04-03T06:26,2022-04-03T19:38,0.028,0.000,0.220,14.70,0.052
2022-04-04,26.5,5.1,17.8,2022-04-04T06:24,2022-04-04T19:40,0.020,0.000,0.138,17.15,0.051
2022-04-05,30.6,5.3,19.1,2022-04-05T06:21,2022-04-05T19:41,0.004,0.000,0.028,16.54,0.053
2022-04-06,44.1,23.0,35.1,2022-04-06T06:19,2022-04-06T19:43,0.083,0.000,0.579,10.11,0.050
2022-04-07,47.0,32.4,39.7,2022-04-07T06:16,2022-04-07T19:45,0.012,0.012,0.000,9.85,0.055
2022-04-08,42.2,22.6,33.0,2022-04-08T06:14,2022-04-08T19:47,0.000,0.000,0.000,20.84,0.088
2022-04-09,40.5,22.6,31.8,2022-04-09T06:11,2022-04-09T19:49,0.000,0.000,0.000,12.52,0.061
2022-04-10,35.8,23.6,29.6,2022-04-10T06:09,2022-04-10T19:51,0.181,0.000,1.268,8.01,0.036
2022-04-11,34.9,19.4,27.5,2022-04-11T06:06,2022-04-11T19:53,0.031,0.000,0.220,13.28,0.051
2022-04-12,32.0,14.3,22.7,2022-04-12T06:04,2022-04-12T19:55,0.039,0.000,0.276,12.72,0.046
2022-04-13,36.2,4.0,21.9,2022-04-13T06:02,2022-04-13T19:57,0.012,0.000,0.083,20.56,0.073
2022-04-14,39.3,8.5,26.4,2022-04-14T05:59,2022-04-14T19:59,0.000,0.000,0.000,19.70,0.080
2022-04-15,45.4,25.5,35.2,2022-04-15T05:57,2022-04-15T20:00,0.000,0.000,0.000,19.70,0.098
2022-04-16,49.0,23.1,36.7,2022-04-16T05:54,2022-04-16T20:02,0.000,0.000,0.000,21.60,0.108
2022-04-17,54.1,23.4,39.7,2022-04-17T05:52,2022-04-17T20:04,0.000,0.000,0.000,21.67,0.118
2022-04-18,58.1,33.2,44.8,2022-04-18T05:50,2022-04-18T20:06,0.000,0.000,0.000,16.63,0.106
2022-04-19,37.5,26.6,33.4,2022-04-19T05:47,2022-04-19T20:08,0.154,0.012,1.020,8.68,0.047
2022-04-20,36.8,20.0,29.4,2022-04-20T05:45,2022-04-20T20:10,0.043,0.000,0.303,16.26,0.072
2022-04-21,38.3,25.7,31.7,2022-04-21T05:43,2022-04-21T20:12,0.106,0.000,0.744,10.62,0.051
2022-04-22,45.5,22.2,33.8,2022-04-22T05:40,2022-04-22T20:14,0.000,0.000,0.000,16.30,0.081
2022-04-23,40.0,20.9,30.3,2022-04-23T05:38,2022-04-23T20:16,0.063,0.000,0.441,11.99,0.055
2022-04-24,38.5,18.4,28.0,2022-04-24T05:36,2022-04-24T20:18,0.000,0.000,0.000,22.58,0.097
2022-04-25,36.8,21.7,28.8,2022-04-25T05:34,2022-04-25T20:20,0.000,0.000,0.000,21.90,0.094
2022-04-26,40.7,19.6,31.2,2022-04-26T05:31,2022-04-26T20:22,0.000,0.000,0.000,17.30,0.081
2022-04-27,46.1,24.8,34.1,2022-04-27T05:29,2022-04-27T20:23,0.067,0.004,0.441,14.94,0.090
2022-04-28,44.6,23.9,33.9,2022-04-28T05:27,2022-04-28T20:25,0.016,0.000,0.110,21.48,0.103
2022-04-29,56.6,25.1,39.8,2022-04-29T05:25,2022-04-29T20:27,0.000,0.000,0.000,22.91,0.126
2022-04-30,62.6,35.6,48.8,2022-04-30T05:22,2022-04-30T20:29,0.114,0.110,0.028,17.82,0.121
2022-05-01,69.8,38.1,55.2,2022-05-01T05:20,2022-05-01T20:31,0.004,0.004,0.000,20.53,0.157
2022-05-02,64.6,38.4,51.8,2022-05-02T05:18,2022-05-02T20:33,0.000,0.000,0.000,22.51,0.145
2022-05-03,59.3,38.4,49.8,2022-05-03T05:16,2022-05-03T20:35,0.055,0.055,0.000,18.32,0.132
2022-05-04,45.8,29.2,38.5,2022-05-04T05:14,2022-05-04T20:36,0.016,0.008,0.055,17.94,0.098
2022-05-05,46.0,29.7,36.7,2022-05-05T05:12,2022-05-05T20:38,0.059,0.000,0.413,21.56,0.107
2022-05-06,54.7,26.4,41.0,2022-05-06T05:10,2022-05-06T20:40,0.000,0.000,0.000,24.46,0.151
2022-05-07,66.4,31.9,50.3,2022-05-07T05:08,2022-05-07T20:42,0.000,0.000,0.000,23.54,0.172
2022-05-08,48.2,34.0,41.2,2022-05-08T05:06,2022-05-08T20:44,0.114,0.098,0.110,7.19,0.053
2022-05-09,35.6,27.3,31.3,2022-05-09T05:04,2022-05-09T20:46,0.024,0.000,0.165,9.66,0.063
2022-05-10,38.5,26.9,33.1,2022-05-10T05:02,2022-05-10T20:47,0.004,0.000,0.028,14.09,0.077
2022-05-11,47.7,26.5,37.9,2022-05-11T05:01,2022-05-11T20:49,0.000,0.000,0.000,18.40,0.109
2022-05-12,58.1,31.1,45.8,2022-05-12T04:59,2022-05-12T20:51,0.020,0.020,0.000,24.83,0.158
2022-05-13,62.7,34.5,49.9,2022-05-13T04:57,2022-05-13T20:53,0.008,0.008,0.000,23.33,0.150
2022-05-14,68.2,35.0,53.4,2022-05-14T04:55,2022-05-14T20:55,0.000,0.000,0.000,23.84,0.168
2022-05-15,72.6,37.5,56.5,2022-05-15T04:53,2022-05-15T20:56,0.000,0.000,0.000,24.06,0.180
2022-05-16,68.9,42.7,55.8,2022-05-16T04:52,2022-05-16T20:58,0.098,0.098,0.000,19.79,0.148
2022-05-17,66.4,48.5,56.7,2022-05-17T04:50,2022-05-17T21:00,0.035,0.035,0.000,16.80,0.132
2022-05-18,72.5,42.5,58.7,2022-05-18T04:48,2022-05-18T21:02,0.043,0.043,0.000,22.54,0.160
2022-05-19,69.5,49.0,60.3,2022-05-19T04:47,2022-05-19T21:03,0.020,0.020,0.000,18.59,0.145
2022-05-20,77.8,45.8,63.0,2022-05-20T04:45,2022-05-20T21:05,0.000,0.000,0.000,25.58,0.191
2022-05-21,58.6,48.2,54.7,2022-05-21T04:44,2022-05-21T21:07,0.232,0.232,0.000,11.61,0.077
2022-05-22,56.0,44.4,49.3,2022-05-22T04:42,2022-05-22T21:08,0.079,0.079,0.000,8.67,0.057
2022-05-23,61.1,37.6,50.0,2022-05-23T04:41,2022-05-23T21:10,0.000,0.000,0.000,23.54,0.144
2022-05-24,69.1,40.7,55.5,2022-05-24T04:40,2022-05-24T21:11,0.000,0.000,0.000,24.60,0.166
2022-05-25,73.6,39.7,59.3,2022-05-25T04:38,2022-05-25T21:13,0.000,0.000,0.000,27.63,0.187
2022-05-26,68.1,45.3,56.2,2022-05-26T04:37,2022-05-26T21:14,0.008,0.008,0.000,24.54,0.182
2022-05-27,52.7,36.7,45.6,2022-05-27T04:36,2022-05-27T21:16,0.000,0.000,0.000,17.05,0.107
2022-05-28,51.4,33.2,43.6,2022-05-28T04:35,2022-05-28T21:17,0.016,0.016,0.000,22.09,0.130
2022-05-29,59.0,31.4,47.2,2022-05-29T04:33,2022-05-29T21:18,0.000,0.000,0.000,28.65,0.172
2022-05-30,64.6,34.8,52.2,2022-05-30T04:32,2022-05-30T21:20,0.000,0.000,0.000,26.15,0.170
2022-05-31,61.1,41.0,50.7,2022-05-31T04:31,2022-05-31T21:21,0.181,0.181,0.000,16.24,0.104
2022-06-01,64.6,42.4,53.6,2022-06-01T04:30,2022-06-01T21:22,0.000,0.000,0.000,24.99,0.156
2022-06-02,55.1,43.9,49.2,2022-06-02T04:29,2022-06-02T21:24,0.280,0.280,0.000,7.13,0.050
2022-06-03,51.4,37.4,45.5,2022-06-03T04:28,2022-06-03T21:25,0.118,0.118,0.000,9.81,0.053
2022-06-04,63.9,33.7,50.8,2022-06-04T04:28,2022-06-04T21:26,0.000,0.000,0.000,28.21,0.173
2022-06-05,72.6,39.7,57.1,2022-06-05T04:27,2022-06-05T21:27,0.000,0.000,0.000,28.12,0.194
2022-06-06,75.9,42.2,60.8,2022-06-06T04:26,2022-06-06T21:28,0.000,0.000,0.000,27.37,0.208
2022-06-07,54.4,34.9,44.1,2022-06-07T04:25,2022-06-07T21:29,0.295,0.295,0.000,5.40,0.033
2022-06-08,56.4,32.7,45.6,2022-06-08T04:25,2022-06-08T21:30,0.000,0.000,0.000,19.41,0.112
2022-06-09,56.2,34.4,47.6,2022-06-09T04:24,2022-06-09T21:31,0.004,0.004,0.000,14.14,0.092
2022-06-10,68.3,42.4,55.3,2022-06-10T04:24,2022-06-10T21:32,0.000,0.000,0.000,24.22,0.166
2022-06-11,72.3,46.8,60.4,2022-06-11T04:23,2022-06-11T21:33,0.000,0.000,0.000,28.76,0.202
2022-06-12,77.8,49.7,65.0,2022-06-12T04:23,2022-06-12T21:34,0.000,0.000,0.000,28.41,0.207
2022-06-13,70.7,54.3,61.1,2022-06-13T04:23,2022-06-13T21:34,0.102,0.102,0.000,12.05,0.088
2022-06-14,77.8,53.0,67.0,2022-06-14T04:22,2022-06-14T21:35,0.000,0.000,0.000,25.73,0.197
2022-06-15,80.6,54.4,69.3,2022-06-15T04:22,2022-06-15T21:36,0.000,0.000,0.000,24.62,0.190
2022-06-16,81.2,54.0,66.4,2022-06-16T04:22,2022-06-16T21:36,0.004,0.004,0.000,19.09,0.147
2022-06-17,76.1,57.6,66.2,2022-06-17T04:22,2022-06-17T21:37,0.256,0.256,0.000,17.85,0.136
2022-06-18,66.4,54.0,60.4,2022-06-18T04:22,2022-06-18T21:37,0.921,0.921,0.000,12.09,0.084
2022-06-19,71.3,50.3,60.8,2022-06-19T04:22,2022-06-19T21:37,0.028,0.028,0.000,24.08,0.166
2022-06-20,74.1,49.6,62.3,2022-06-20T04:22,2022-06-20T21:38,0.035,0.035,0.000,25.26,0.182
2022-06-21,68.9,50.9,60.6,2022-06-21T04:23,2022-06-21T21:38,0.016,0.016,0.000,21.97,0.152
2022-06-22,67.2,47.9,57.7,2022-06-22T04:23,2022-06-22T21:38,0.000,0.000,0.000,18.37,0.133
2022-06-23,67.1,46.4,58.1,2022-06-23T04:23,2022-06-23T21:38,0.031,0.031,0.000,20.04,0.138
2022-06-24,75.9,47.6,62.7,2022-06-24T04:23,2022-06-24T21:38,0.000,0.000,0.000,27.66,0.193
2022-06-25,74.7,54.7,63.9,2022-06-25T04:24,2022-06-25T21:38,0.012,0.012,0.000,22.56,0.170
2022-06-26,73.7,52.0,64.4,2022-06-26T04:24,2022-06-26T21:38,0.016,0.016,0.000,21.31,0.163
2022-06-27,87.8,58.4,73.7,2022-06-27T04:25,2022-06-27T21:38,0.004,0.004,0.000,26.31,0.227
2022-06-28,93.4,59.0,76.2,2022-06-28T04:25,2022-06-28T21:38,0.000,0.000,0.000,26.65,0.238
2022-06-29,72.1,62.8,67.5,2022-06-29T04:26,2022-06-29T21:38,0.272,0.272,0.000,13.70,0.106
2022-06-30,74.2,58.4,65.7,2022-06-30T04:27,2022-06-30T21:38,0.520,0.520,0.000,14.31,0.105
2022-07-01,85.7,54.5,71.1,2022-07-01T04:27,2022-07-01T21:37,0.000,0.000,0.000,28.00,0.215
2022-07-02,81.3,61.5,70.3,2022-07-02T04:28,2022-07-02T21:37,0.567,0.567,0.000,21.43,0.170
2022-07-03,68.9,55.7,61.8,2022-07-03T04:29,2022-07-03T21:36,0.472,0.472,0.000,16.43,0.119
2022-07-04,71.1,52.3,61.7,2022-07-04T04:30,2022-07-04T21:36,0.000,0.000,0.000,20.59,0.156
2022-07-05,68.5,54.0,60.4,2022-07-05T04:31,2022-07-05T21:35,0.043,0.043,0.000,17.95,0.123
2022-07-06,73.0,51.5,62.4,2022-07-06T04:32,2022-07-06T21:35,0.004,0.004,0.000,24.21,0.172
2022-07-07,73.8,52.9,63.7,2022-07-07T04:33,2022-07-07T21:34,0.000,0.000,0.000,25.13,0.179
2022-07-08,71.0,53.6,61.4,2022-07-08T04:34,2022-07-08T21:33,0.169,0.169,0.000,21.22,0.142
2022-07-09,66.0,51.5,57.7,2022-07-09T04:35,2022-07-09T21:32,0.039,0.039,0.000,17.83,0.119
2022-07-10,67.2,47.4,58.1,2022-07-10T04:36,2022-07-10T21:31,0.004,0.004,0.000,23.23,0.149
2022-07-11,71.6,48.7,62.1,2022-07-11T04:37,2022-07-11T21:31,0.004,0.004,0.000,23.32,0.162
2022-07-12,73.2,50.9,62.8,2022-07-12T04:39,2022-07-12T21:30,0.008,0.008,0.000,22.42,0.161
2022-07-13,73.8,53.0,63.0,2022-07-13T04:40,2022-07-13T21:28,0.260,0.260,0.000,22.92,0.166
2022-07-14,62.1,55.0,58.4,2022-07-14T04:41,2022-07-14T21:27,0.480,0.480,0.000,6.39,0.047
2022-07-15,66.2,50.9,58.4,2022-07-15T04:43,2022-07-15T21:26,0.024,0.024,0.000,16.02,0.111
2022-07-16,60.7,49.8,55.3,2022-07-16T04:44,2022-07-16T21:25,0.492,0.492,0.000,10.27,0.067
2022-07-17,67.0,45.2,54.8,2022-07-17T04:46,2022-07-17T21:24,0.224,0.224,0.000,16.21,0.105
2022-07-18,78.1,46.2,62.7,2022-07-18T04:47,2022-07-18T21:23,0.000,0.000,0.000,24.73,0.178
2022-07-19,66.5,54.7,60.3,2022-07-19T04:48,2022-07-19T21:21,0.642,0.642,0.000,10.04,0.066
2022-07-20,68.2,52.8,59.0,2022-07-20T04:50,2022-07-20T21:20,0.150,0.150,0.000,16.97,0.114
2022-07-21,71.4,48.8,61.5,2022-07-21T04:51,2022-07-21T21:19,0.000,0.000,0.000,21.46,0.148
2022-07-22,66.7,54.6,60.0,2022-07-22T04:53,2022-07-22T21:17,0.402,0.402,0.000,8.02,0.061
2022-07-23,69.5,56.7,61.1,2022-07-23T04:54,2022-07-23T21:16,0.213,0.213,0.000,11.77,0.080
2022-07-24,66.7,54.7,60.0,2022-07-24T04:56,2022-07-24T21:14,0.260,0.260,0.000,9.94,0.068
2022-07-25,64.0,52.7,58.7,2022-07-25T04:58,2022-07-25T21:12,0.319,0.319,0.000,6.75,0.047
2022-07-26,61.5,54.2,57.5,2022-07-26T04:59,2022-07-26T21:11,1.228,1.228,0.000,9.34,0.059
2022-07-27,66.8,46.3,57.4,2022-07-27T05:01,2022-07-27T21:09,0.008,0.008,0.000,16.75,0.119
2022-07-28,56.8,54.0,55.1,2022-07-28T05:03,2022-07-28T21:07,0.469,0.469,0.000,4.27,0.028
2022-07-29,69.8,51.8,60.7,2022-07-29T05:04,2022-07-29T21:06,0.016,0.016,0.000,18.50,0.127
2022-07-30,64.4,50.7,58.2,2022-07-30T05:06,2022-07-30T21:04,0.362,0.362,0.000,8.88,0.060
2022-07-31,62.2,57.2,59.7,2022-07-31T05:08,2022-07-31T21:02,0.413,0.413,0.000,6.26,0.041
2022-08-01,75.0,57.3,66.5,2022-08-01T05:09,2022-08-01T21:00,0.382,0.382,0.000,19.25,0.137
2022-08-02,70.9,56.2,63.4,2022-08-02T05:11,2022-08-02T20:58,0.417,0.417,0.000,9.54,0.070
2022-08-03,71.6,56.6,62.2,2022-08-03T05:13,2022-08-03T20:56,0.016,0.016,0.000,19.86,0.138
2022-08-04,67.0,50.0,58.9,2022-08-04T05:15,2022-08-04T20:55,0.000,0.000,0.000,15.93,0.109
2022-08-05,62.8,47.7,55.8,2022-08-05T05:17,2022-08-05T20:53,0.236,0.236,0.000,19.17,0.117
2022-08-06,56.1,44.7,50.0,2022-08-06T05:18,2022-08-06T20:51,0.020,0.020,0.000,9.90,0.065
2022-08-07,59.2,45.0,51.4,2022-08-07T05:20,2022-08-07T20:49,0.154,0.154,0.000,15.68,0.093
2022-08-08,67.5,44.5,56.6,2022-08-08T05:22,2022-08-08T20:47,0.000,0.000,0.000,20.96,0.139
2022-08-09,69.3,46.4,58.8,2022-08-09T05:24,2022-08-09T20:44,0.000,0.000,0.000,23.51,0.157
2022-08-10,69.8,46.0,59.0,2022-08-10T05:25,2022-08-10T20:42,0.000,0.000,0.000,22.68,0.151
2022-08-11,63.3,47.7,56.3,2022-08-11T05:27,2022-08-11T20:40,0.252,0.252,0.000,15.41,0.092
2022-08-12,69.2,47.6,58.5,2022-08-12T05:29,2022-08-12T20:38,0.028,0.028,0.000,17.01,0.114
2022-08-13,68.7,48.1,59.6,2022-08-13T05:31,2022-08-13T20:36,0.039,0.039,0.000,20.88,0.138
2022-08-14,70.0,48.0,59.5,2022-08-14T05:33,2022-08-14T20:34,0.000,0.000,0.000,20.18,0.136
2022-08-15,70.4,52.7,60.4,2022-08-15T05:34,2022-08-15T20:32,0.386,0.386,0.000,19.89,0.130
2022-08-16,60.0,46.5,52.9,2022-08-16T05:36,2022-08-16T20:30,0.138,0.138,0.000,17.33,0.098
2022-08-17,56.6,46.1,50.6,2022-08-17T05:38,2022-08-17T20:27,0.016,0.016,0.000,10.34,0.069
2022-08-18,57.1,38.2,47.6,2022-08-18T05:40,2022-08-18T20:25,0.177,0.177,0.000,13.04,0.075
2022-08-19,56.5,40.7,48.4,2022-08-19T05:42,2022-08-19T20:23,0.039,0.039,0.000,15.27,0.086
2022-08-20,56.3,43.7,49.3,2022-08-20T05:44,2022-08-20T20:20,0.138,0.138,0.000,12.57,0.072
2022-08-21,54.0,42.6,48.3,2022-08-21T05:45,2022-08-21T20:18,0.146,0.146,0.000,10.19,0.057
2022-08-22,57.7,45.2,50.7,2022-08-22T05:47,2022-08-22T20:16,0.043,0.043,0.000,11.64,0.069
2022-08-23,54.0,42.2,48.4,2022-08-23T05:49,2022-08-23T20:13,0.201,0.201,0.000,11.50,0.065
2022-08-24,49.4,41.3,44.6,2022-08-24T05:51,2022-08-24T20:11,0.248,0.248,0.000,7.42,0.040
2022-08-25,55.7,43.2,48.1,2022-08-25T05:53,2022-08-25T20:09,0.142,0.142,0.000,14.22,0.080
2022-08-26,64.8,41.6,53.0,2022-08-26T05:55,2022-08-26T20:06,0.024,0.024,0.000,17.92,0.109
2022-08-27,63.1,45.3,54.6,2022-08-27T05:56,2022-08-27T20:04,0.028,0.028,0.000,14.42,0.089
2022-08-28,56.2,42.2,49.7,2022-08-28T05:58,2022-08-28T20:01,0.071,0.071,0.000,15.47,0.091
2022-08-29,53.2,36.6,45.9,2022-08-29T06:00,2022-08-29T19:59,0.012,0.012,0.000,8.65,0.065
2022-08-30,50.7,36.6,45.7,2022-08-30T06:02,2022-08-30T19:57,0.051,0.051,0.000,18.23,0.100
2022-08-31,60.7,33.2,47.8,2022-08-31T06:04,2022-08-31T19:54,0.000,0.000,0.000,15.23,0.099
2022-09-01,60.1,48.6,54.4,2022-09-01T06:06,2022-09-01T19:52,0.063,0.063,0.000,7.92,0.059
2022-09-02,65.3,51.0,56.1,2022-09-02T06:07,2022-09-02T19:49,0.382,0.382,0.000,11.56,0.073
2022-09-03,52.7,40.8,46.9,2022-09-03T06:09,2022-09-03T19:47,0.244,0.244,0.000,7.98,0.043
2022-09-04,46.7,39.7,42.4,2022-09-04T06:11,2022-09-04T19:44,0.094,0.094,0.000,5.96,0.035
2022-09-05,56.9,30.9,44.0,2022-09-05T06:13,2022-09-05T19:42,0.000,0.000,0.000,12.68,0.069
2022-09-06,60.9,45.0,52.4,2022-09-06T06:15,2022-09-06T19:39,0.114,0.114,0.000,12.74,0.079
2022-09-07,56.8,42.9,49.7,2022-09-07T06:16,2022-09-07T19:37,0.181,0.181,0.000,6.35,0.040
2022-09-08,81.5,45.3,60.6,2022-09-08T06:18,2022-09-08T19:34,0.000,0.000,0.000,17.40,0.145
2022-09-09,55.9,44.0,48.4,2022-09-09T06:20,2022-09-09T19:32,0.457,0.457,0.000,6.96,0.049
2022-09-10,55.3,36.9,46.3,2022-09-10T06:22,2022-09-10T19:29,0.000,0.000,0.000,13.46,0.075
2022-09-11,59.7,34.7,47.5,2022-09-11T06:24,2022-09-11T19:27,0.000,0.000,0.000,16.16,0.099
2022-09-12,70.7,40.1,53.3,2022-09-12T06:26,2022-09-12T19:24,0.000,0.000,0.000,12.70,0.088
2022-09-13,56.0,41.5,48.9,2022-09-13T06:27,2022-09-13T19:22,0.232,0.232,0.000,14.32,0.087
2022-09-14,54.5,36.6,44.7,2022-09-14T06:29,2022-09-14T19:19,0.000,0.000,0.000,15.63,0.087
2022-09-15,53.3,39.5,44.6,2022-09-15T06:31,2022-09-15T19:17,0.000,0.000,0.000,8.59,0.054
2022-09-16,53.0,40.3,45.8,2022-09-16T06:33,2022-09-16T19:14,0.000,0.000,0.000,16.90,0.098
2022-09-17,48.7,32.8,41.8,2022-09-17T06:35,2022-09-17T19:11,0.000,0.000,0.000,11.32,0.070
2022-09-18,53.5,35.7,43.1,2022-09-18T06:36,2022-09-18T19:09,0.000,0.000,0.000,15.21,0.081
2022-09-19,57.4,31.8,43.5,2022-09-19T06:38,2022-09-19T19:06,0.000,0.000,0.000,14.79,0.081
2022-09-20,46.7,41.8,43.7,2022-09-20T06:40,2022-09-20T19:04,0.287,0.287,0.000,3.83,0.023
2022-09-21,42.0,32.9,38.3,2022-09-21T06:42,2022-09-21T19:01,0.150,0.094,0.386,7.49,0.041
2022-09-22,42.3,25.7,35.6,2022-09-22T06:44,2022-09-22T18:59,0.079,0.079,0.000,5.88,0.035
2022-09-23,53.7,38.8,45.8,2022-09-23T06:46,2022-09-23T18:56,0.114,0.114,0.000,6.17,0.042
2022-09-24,45.3,29.9,36.9,2022-09-24T06:47,2022-09-24T18:54,0.138,0.087,0.358,7.83,0.039
2022-09-25,41.6,31.7,35.2,2022-09-25T06:49,2022-09-25T18:51,0.327,0.024,2.122,7.25,0.039
2022-09-26,51.6,30.8,37.3,2022-09-26T06:51,2022-09-26T18:49,0.146,0.028,0.827,5.91,0.033
2022-09-27,40.7,28.4,34.5,2022-09-27T06:53,2022-09-27T18:46,0.004,0.004,0.000,8.29,0.040
2022-09-28,36.7,26.9,31.9,2022-09-28T06:55,2022-09-28T18:44,0.209,0.000,1.461,2.79,0.017
2022-09-29,51.1,28.4,38.4,2022-09-29T06:57,2022-09-29T18:41,0.012,0.012,0.000,10.17,0.049
2022-09-30,43.3,28.5,34.2,2022-09-30T06:59,2022-09-30T18:39,0.118,0.091,0.193,4.08,0.020
2022-10-01,35.5,25.1,30.8,2022-10-01T07:00,2022-10-01T18:36,0.083,0.000,0.606,9.63,0.043
2022-10-02,32.9,22.2,27.6,2022-10-02T07:02,2022-10-02T18:34,0.051,0.000,0.358,8.50,0.039
2022-10-03,31.8,26.4,28.9,2022-10-03T07:04,2022-10-03T18:31,0.055,0.000,0.386,4.55,0.027
2022-10-04,33.3,24.3,28.3,2022-10-04T07:06,2022-10-04T18:29,0.039,0.000,0.276,6.25,0.028
2022-10-05,34.1,20.8,27.6,2022-10-05T07:08,2022-10-05T18:26,0.012,0.000,0.083,5.58,0.025
2022-10-06,35.6,23.7,29.2,2022-10-06T07:10,2022-10-06T18:24,0.063,0.000,0.441,4.17,0.022
2022-10-07,34.9,25.1,30.0,2022-10-07T07:12,2022-10-07T18:21,0.000,0.000,0.000,6.16,0.031
2022-10-08,38.4,23.1,30.1,2022-10-08T07:14,2022-10-08T18:19,0.000,0.000,0.000,10.11,0.039
2022-10-09,47.8,22.1,31.8,2022-10-09T07:15,2022-10-09T18:16,0.000,0.000,0.000,10.97,0.057
2022-10-10,50.4,24.5,36.2,2022-10-10T07:17,2022-10-10T18:14,0.000,0.000,0.000,8.32,0.044
2022-10-11,43.7,31.4,36.0,2022-10-11T07:19,2022-10-11T18:12,0.067,0.067,0.000,5.80,0.026
2022-10-12,41.0,32.4,35.9,2022-10-12T07:21,2022-10-12T18:09,0.067,0.059,0.055,2.83,0.017
2022-10-13,35.3,29.0,32.7,2022-10-13T07:23,2022-10-13T18:07,0.291,0.075,1.516,1.90,0.010
2022-10-14,34.6,28.6,31.0,2022-10-14T07:25,2022-10-14T18:04,0.083,0.000,0.579,3.57,0.020
2022-10-15,34.2,26.1,30.1,2022-10-15T07:27,2022-10-15T18:02,0.043,0.000,0.303,6.27,0.027
2022-10-16,36.4,21.4,27.7,2022-10-16T07:29,2022-10-16T18:00,0.000,0.000,0.000,8.55,0.033
2022-10-17,44.6,18.8,29.6,2022-10-17T07:31,2022-10-17T17:57,0.000,0.000,0.000,9.95,0.048
2022-10-18,40.0,25.1,31.2,2022-10-18T07:33,2022-10-18T17:55,0.016,0.012,0.028,4.17,0.026
2022-10-19,40.3,28.1,32.7,2022-10-19T07:35,2022-10-19T17:52,0.000,0.000,0.000,5.16,0.024
2022-10-20,37.2,26.6,30.4,2022-10-20T07:37,2022-10-20T17:50,0.004,0.000,0.028,5.08,0.022
2022-10-21,38.7,23.1,29.8,2022-10-21T07:39,2022-10-21T17:48,0.000,0.000,0.000,7.47,0.031
2022-10-22,38.6,25.6,31.1,2022-10-22T07:41,2022-10-22T17:45,0.012,0.000,0.083,3.78,0.020
2022-10-23,48.7,26.0,35.1,2022-10-23T07:43,2022-10-23T17:43,0.000,0.000,0.000,7.73,0.043
2022-10-24,38.3,24.8,32.5,2022-10-24T07:45,2022-10-24T17:41,0.177,0.157,0.138,3.24,0.022
2022-10-25,33.2,20.4,26.2,2022-10-25T07:46,2022-10-25T17:39,0.000,0.000,0.000,7.65,0.033
2022-10-26,38.2,16.5,26.7,2022-10-26T07:48,2022-10-26T17:37,0.000,0.000,0.000,8.19,0.038
2022-10-27,41.2,19.9,28.4,2022-10-27T07:50,2022-10-27T17:34,0.000,0.000,0.000,8.03,0.034
2022-10-28,43.1,16.8,28.7,2022-10-28T07:52,2022-10-28T17:32,0.000,0.000,0.000,7.73,0.038
2022-10-29,35.1,20.4,27.7,2022-10-29T07:54,2022-10-29T17:30,0.004,0.000,0.028,4.80,0.022
2022-10-30,27.8,19.3,24.7,2022-10-30T07:56,2022-10-30T17:28,0.016,0.000,0.138,3.99,0.024
2022-10-31,23.5,14.5,19.2,2022-10-31T07:58,2022-10-31T17:26,0.000,0.000,0.000,3.84,0.017
2022-11-01,25.2,10.3,16.7,2022-11-01T08:00,2022-11-01T17:24,0.000,0.000,0.000,7.12,0.020
2022-11-02,30.2,10.4,18.8,2022-11-02T08:02,2022-11-02T17:22,0.000,0.000,0.000,6.98,0.023
2022-11-03,34.0,10.4,20.1,2022-11-03T08:04,2022-11-03T17:20,0.000,0.000,0.000,5.59,0.020
2022-11-04,34.7,15.0,24.8,2022-11-04T08:06,2022-11-04T17:18,0.000,0.000,0.000,5.22,0.022
2022-11-05,30.7,24.5,27.7,2022-11-05T08:08,2022-11-05T17:16,0.071,0.004,0.469,2.04,0.012
2022-11-06,35.2,25.8,29.3,2022-11-06T08:10,2022-11-06T17:14,0.000,0.000,0.000,2.23,0.016
2022-11-07,36.4,23.8,29.8,2022-11-07T08:12,2022-11-07T17:12,0.098,0.004,0.661,3.33,0.015
2022-11-08,29.3,20.0,23.8,2022-11-08T08:14,2022-11-08T17:10,0.031,0.000,0.220,3.41,0.017
2022-11-09,25.7,14.4,19.1,2022-11-09T08:16,2022-11-09T17:08,0.000,0.000,0.000,5.78,0.015
2022-11-10,26.8,10.4,18.3,2022-11-10T08:18,2022-11-10T17:07,0.000,0.000,0.000,4.77,0.016
2022-11-11,26.9,14.7,19.9,2022-11-11T08:20,2022-11-11T17:05,0.004,0.000,0.028,3.62,0.015
2022-11-12,28.7,13.4,19.5,2022-11-12T08:22,2022-11-12T17:03,0.000,0.000,0.000,5.12,0.019
2022-11-13,31.4,9.9,20.1,2022-11-13T08:24,2022-11-13T17:01,0.008,0.000,0.055,5.25,0.023
2022-11-14,30.6,16.6,24.0,2022-11-14T08:26,2022-11-14T17:00,0.039,0.000,0.276,2.47,0.018
2022-11-15,32.8,22.0,28.1,2022-11-15T08:28,2022-11-15T16:58,0.031,0.000,0.220,2.32,0.011
2022-11-16,34.0,17.7,25.8,2022-11-16T08:30,2022-11-16T16:56,0.031,0.000,0.220,2.84,0.014
2022-11-17,34.2,14.5,24.7,2022-11-17T08:32,2022-11-17T16:55,0.012,0.000,0.083,4.43,0.017
2022-11-18,25.1,4.8,16.0,2022-11-18T08:34,2022-11-18T16:53,0.083,0.000,0.579,2.72,0.013
2022-11-19,11.8,-2.0,5.7,2022-11-19T08:36,2022-11-19T16:52,0.000,0.000,0.000,3.69,0.007
2022-11-20,9.4,-8.4,0.5,2022-11-20T08:37,2022-11-20T16:51,0.000,0.000,0.000,4.72,0.007
2022-11-21,14.9,-8.1,2.7,2022-11-21T08:39,2022-11-21T16:49,0.008,0.000,0.055,2.53,0.006
2022-11-22,9.3,-6.2,1.5,2022-11-22T08:41,2022-11-22T16:48,0.012,0.000,0.083,4.47,0.007
2022-11-23,17.1,-5.1,6.2,2022-11-23T08:43,2022-11-23T16:47,0.012,0.000,0.083,3.91,0.007
2022-11-24,14.2,-7.8,2.1,2022-11-24T08:45,2022-11-24T16:46,0.059,0.000,0.413,4.37,0.009
2022-11-25,0.4,-17.1,-8.5,2022-11-25T08:46,2022-11-25T16:44,0.000,0.000,0.000,3.62,0.006
2022-11-26,5.7,-12.4,-1.7,2022-11-26T08:48,2022-11-26T16:43,0.024,0.000,0.165,2.44,0.006
2022-11-27,-1.3,-23.0,-13.6,2022-11-27T08:50,2022-11-27T16:42,0.008,0.000,0.110,2.66,0.004
2022-11-28,-10.9,-34.7,-20.7,2022-11-28T08:52,2022-11-28T16:41,0.020,0.000,0.138,3.00,0.003
2022-11-29,-8.3,-12.1,-10.1,2022-11-29T08:53,2022-11-29T16:40,0.098,0.000,0.689,2.05,0.005
2022-11-30,-5.2,-10.4,-7.8,2022-11-30T08:55,2022-11-30T16:39,0.039,0.000,0.303,2.63,0.004
2022-12-01,-1.0,-14.2,-6.6,2022-12-01T08:57,2022-12-01T16:38,0.071,0.004,0.469,1.55,0.006
2022-12-02,-11.6,-19.4,-14.9,2022-12-02T08:58,2022-12-02T16:38,0.004,0.000,0.028,2.81,0.003
2022-12-03,-4.0,-14.1,-9.1,2022-12-03T09:00,2022-12-03T16:37,0.031,0.000,0.248,2.41,0.004
2022-12-04,1.0,-10.0,-3.8,2022-12-04T09:01,2022-12-04T16:36,0.028,0.000,0.193,2.59,0.004
2022-12-05,8.1,-8.2,1.1,2022-12-05T09:03,2022-12-05T16:36,0.028,0.000,0.220,1.83,0.007
2022-12-06,9.4,7.0,8.3,2022-12-06T09:04,2022-12-06T16:35,0.142,0.000,0.992,0.81,0.009
2022-12-07,9.8,5.6,7.8,2022-12-07T09:05,2022-12-07T16:34,0.075,0.000,0.524,1.81,0.008
2022-12-08,9.0,4.9,6.9,2022-12-08T09:06,2022-12-08T16:34,0.055,0.000,0.413,1.88,0.007
2022-12-09,9.0,2.6,5.4,2022-12-09T09:08,2022-12-09T16:34,0.008,0.000,0.055,2.07,0.006
2022-12-10,9.3,-1.8,3.9,2022-12-10T09:09,2022-12-10T16:33,0.000,0.000,0.000,2.98,0.008
2022-12-11,8.3,-9.0,0.1,2022-12-11T09:10,2022-12-11T16:33,0.016,0.000,0.138,1.91,0.007
2022-12-12,-10.3,-18.9,-16.0,2022-12-12T09:11,2022-12-12T16:33,0.024,0.000,0.165,2.52,0.003
2022-12-13,-12.5,-23.1,-17.5,2022-12-13T09:12,2022-12-13T16:33,0.016,0.000,0.110,3.18,0.002
2022-12-14,-12.8,-31.1,-22.6,2022-12-14T09:13,2022-12-14T16:33,0.000,0.000,0.000,3.16,0.002
2022-12-15,-10.3,-23.1,-15.4,2022-12-15T09:14,2022-12-15T16:33,0.016,0.000,0.110,2.25,0.003
2022-12-16,-6.3,-28.9,-16.4,2022-12-16T09:15,2022-12-16T16:33,0.051,0.000,0.386,1.62,0.003
2022-12-17,8.5,-5.7,1.7,2022-12-17T09:16,2022-12-17T16:33,0.071,0.000,0.496,1.51,0.004
2022-12-18,6.9,-8.9,-1.8,2022-12-18T09:16,2022-12-18T16:33,0.000,0.000,0.000,2.88,0.003
2022-12-19,5.5,-8.9,1.7,2022-12-19T09:17,2022-12-19T16:34,0.024,0.000,0.165,2.01,0.005
2022-12-20,7.5,-4.9,2.9,2022-12-20T09:18,2022-12-20T16:34,0.071,0.000,0.496,1.49,0.004
2022-12-21,-0.3,-22.1,-9.2,2022-12-21T09:18,2022-12-21T16:34,0.028,0.000,0.193,1.94,0.003
2022-12-22,8.7,-1.0,3.7,2022-12-22T09:19,2022-12-22T16:35,0.012,0.000,0.083,2.83,0.005
2022-12-23,15.9,6.8,11.4,2022-12-23T09:19,2022-12-23T16:36,0.075,0.000,0.524,1.62,0.005
2022-12-24,7.0,-7.1,2.7,2022-12-24T09:20,2022-12-24T16:36,0.047,0.000,0.331,1.80,0.003
2022-12-25,-6.7,-21.1,-12.8,2022-12-25T09:20,2022-12-25T16:37,0.000,0.000,0.000,3.02,0.002
2022-12-26,-8.9,-24.7,-17.1,2022-12-26T09:20,2022-12-26T16:38,0.000,0.000,0.000,3.07,0.002
2022-12-27,-9.3,-27.9,-18.4,2022-12-27T09:21,2022-12-27T16:38,0.000,0.000,0.000,3.09,0.002
2022-12-28,11.6,-15.6,-0.8,2022-12-28T09:21,2022-12-28T16:39,0.004,0.000,0.028,1.28,0.004
2022-12-29,13.1,0.5,6.9,2022-12-29T09:21,2022-12-29T16:40,0.012,0.000,0.083,2.73,0.005
2022-12-30,12.2,-10.6,1.0,2022-12-30T09:21,2022-12-30T16:41,0.000,0.000,0.000,2.82,0.004
2022-12-31,-8.3,-21.4,-16.1,2022-12-31T09:21,2022-12-31T16:42,0.000,0.000,0.000,3.16,0.002
2023-01-01,-13.5,-28.4,-22.1,2023-01-01T09:20,2023-01-01T16:43,0.000,0.000,0.000,3.18,0.002
2023-01-02,-13.1,-28.9,-22.9,2023-01-02T09:20,2023-01-02T16:44,0.000,0.000,0.000,3.28,0.002
2023-01-03,-11.2,-27.9,-20.4,2023-01-03T09:20,2023-01-03T16:45,0.000,0.000,0.000,3.15,0.002
2023-01-04,-4.9,-19.3,-13.5,2023-01-04T09:20,2023-01-04T16:47,0.000,0.000,0.000,3.31,0.003
2023-01-05,-0.9,-22.9,-12.7,2023-01-05T09:19,2023-01-05T16:48,0.012,0.000,0.083,3.25,0.003
2023-01-06,14.5,-8.2,1.3,2023-01-06T09:19,2023-01-06T16:49,0.016,0.000,0.110,1.44,0.004
2023-01-07,16.4,4.3,9.8,2023-01-07T09:18,2023-01-07T16:51,0.043,0.004,0.276,1.30,0.006
2023-01-08,3.3,-12.1,-3.4,2023-01-08T09:18,2023-01-08T16:52,0.000,0.000,0.000,3.07,0.004
2023-01-09,16.5,-2.4,6.8,2023-01-09T09:17,2023-01-09T16:54,0.000,0.000,0.000,2.23,0.006
2023-01-10,21.4,11.0,17.1,2023-01-10T09:16,2023-01-10T16:55,0.063,0.000,0.441,1.37,0.007
2023-01-11,8.2,-12.5,-0.8,2023-01-11T09:16,2023-01-11T16:57,0.020,0.000,0.138,2.38,0.005
2023-01-12,-13.8,-19.9,-16.7,2023-01-12T09:15,2023-01-12T16:58,0.000,0.000,0.000,3.37,0.004
2023-01-13,-11.3,-24.7,-18.1,2023-01-13T09:14,2023-01-13T17:00,0.000,0.000,0.000,3.92,0.004
2023-01-14,0.6,-18.6,-7.8,2023-01-14T09:13,2023-01-14T17:02,0.000,0.000,0.000,2.56,0.006
2023-01-15,7.4,-6.7,0.4,2023-01-15T09:12,2023-01-15T17:03,0.055,0.004,0.386,2.21,0.005
2023-01-16,5.2,-5.7,2.0,2023-01-16T09:11,2023-01-16T17:05,0.047,0.000,0.331,2.60,0.008
2023-01-17,9.5,-5.7,1.4,2023-01-17T09:10,2023-01-17T17:07,0.083,0.000,0.606,1.84,0.006
2023-01-18,6.5,-25.0,-4.2,2023-01-18T09:09,2023-01-18T17:09,0.059,0.000,0.413,2.61,0.005
2023-01-19,-19.9,-38.0,-29.2,2023-01-19T09:08,2023-01-19T17:10,0.000,0.000,0.000,4.48,0.002
2023-01-20,-15.7,-31.2,-24.6,2023-01-20T09:06,2023-01-20T17:12,0.024,0.000,0.165,2.70,0.002
2023-01-21,-30.1,-44.4,-36.4,2023-01-21T09:05,2023-01-21T17:14,0.000,0.000,0.000,4.13,0.002
2023-01-22,-35.9,-50.8,-42.7,2023-01-22T09:04,2023-01-22T17:16,0.000,0.000,0.000,4.85,0.001
2023-01-23,-30.0,-54.0,-41.9,2023-01-23T09:02,2023-01-23T17:18,0.000,0.000,0.000,5.07,0.002
2023-01-24,-12.4,-32.1,-21.4,2023-01-24T09:01,2023-01-24T17:20,0.012,0.000,0.083,2.77,0.003
2023-01-25,1.5,-16.0,-8.1,2023-01-25T08:59,2023-01-25T17:22,0.016,0.000,0.110,3.17,0.005
2023-01-26,7.2,-4.7,-0.0,2023-01-26T08:58,2023-01-26T17:24,0.008,0.000,0.055,4.06,0.008
2023-01-27,18.9,2.0,11.3,2023-01-27T08:56,2023-01-27T17:26,0.075,0.000,0.551,2.19,0.012
2023-01-28,20.3,11.1,15.6,2023-01-28T08:55,2023-01-28T17:28,0.059,0.000,0.469,2.34,0.013
2023-01-29,21.8,10.2,15.3,2023-01-29T08:53,2023-01-29T17:30,0.071,0.000,0.496,2.57,0.009
2023-01-30,19.1,6.5,12.0,2023-01-30T08:51,2023-01-30T17:32,0.028,0.000,0.193,3.17,0.010
2023-01-31,8.6,-9.4,4.6,2023-01-31T08:50,2023-01-31T17:34,0.008,0.000,0.055,3.71,0.008
2023-02-01,1.4,-21.3,-9.9,2023-02-01T08:48,2023-02-01T17:36,0.000,0.000,0.000,4.49,0.006
2023-02-02,7.8,-6.5,-0.4,2023-02-02T08:46,2023-02-02T17:38,0.000,0.000,0.000,4.65,0.007
2023-02-03,11.8,-9.9,1.2,2023-02-03T08:44,2023-02-03T17:40,0.024,0.000,0.165,4.41,0.009
2023-02-04,11.2,-1.0,6.5,2023-02-04T08:43,2023-02-04T17:42,0.012,0.000,0.083,5.26,0.009
2023-02-05,11.3,-7.7,0.2,2023-02-05T08:41,2023-02-05T17:44,0.000,0.000,0.000,5.50,0.009
2023-02-06,13.6,0.5,6.0,2023-02-06T08:39,2023-02-06T17:46,0.020,0.000,0.138,4.93,0.010
2023-02-07,13.4,-1.6,5.5,2023-02-07T08:37,2023-02-07T17:48,0.012,0.000,0.110,5.41,0.011
2023-02-08,13.4,-6.0,1.4,2023-02-08T08:35,2023-02-08T17:50,0.000,0.000,0.000,6.04,0.011
2023-02-09,14.9,-8.4,2.1,2023-02-09T08:33,2023-02-09T17:52,0.039,0.000,0.276,5.03,0.010
2023-02-10,11.0,-10.6,0.9,2023-02-10T08:31,2023-02-10T17:54,0.008,0.000,0.055,6.66,0.011
2023-02-11,7.5,-13.6,-3.8,2023-02-11T08:29,2023-02-11T17:56,0.000,0.000,0.000,6.42,0.010
2023-02-12,10.5,-11.9,-2.1,2023-02-12T08:27,2023-02-12T17:58,0.000,0.000,0.000,7.64,0.012
2023-02-13,14.0,-13.4,-1.3,2023-02-13T08:25,2023-02-13T18:00,0.000,0.000,0.000,8.06,0.015
2023-02-14,16.5,-8.6,2.5,2023-02-14T08:23,2023-02-14T18:02,0.000,0.000,0.000,7.53,0.015
2023-02-15,10.7,-14.8,-0.8,2023-02-15T08:21,2023-02-15T18:05,0.004,0.000,0.055,7.73,0.013
2023-02-16,7.4,-10.9,-0.9,2023-02-16T08:18,2023-02-16T18:07,0.004,0.000,0.028,6.41,0.011
2023-02-17,9.2,-22.5,-5.1,2023-02-17T08:16,2023-02-17T18:09,0.039,0.000,0.276,7.12,0.012
2023-02-18,15.8,7.7,11.9,2023-02-18T08:14,2023-02-18T18:11,0.106,0.000,0.772,5.94,0.017
2023-02-19,10.4,-7.0,2.8,2023-02-19T08:12,2023-02-19T18:13,0.000,0.000,0.000,9.36,0.016
2023-02-20,13.8,-14.5,0.0,2023-02-20T08:09,2023-02-20T18:15,0.004,0.000,0.028,7.38,0.014
2023-02-21,21.4,0.9,11.5,2023-02-21T08:07,2023-02-21T18:17,0.028,0.000,0.193,6.97,0.017
2023-02-22,17.5,4.1,13.0,2023-02-22T08:05,2023-02-22T18:19,0.004,0.000,0.028,6.66,0.016
2023-02-23,14.9,-13.5,2.5,2023-02-23T08:03,2023-02-23T18:21,0.000,0.000,0.000,9.96,0.018
2023-02-24,20.4,-12.5,2.9,2023-02-24T08:00,2023-02-24T18:23,0.000,0.000,0.000,10.46,0.022
2023-02-25,28.0,-4.5,12.1,2023-02-25T07:58,2023-02-25T18:25,0.000,0.000,0.000,10.30,0.027
2023-02-26,25.4,6.3,16.7,2023-02-26T07:56,2023-02-26T18:27,0.067,0.000,0.469,4.10,0.015
2023-02-27,17.4,9.5,13.2,2023-02-27T07:53,2023-02-27T18:29,0.004,0.000,0.028,7.53,0.019
2023-02-28,14.0,5.0,10.3,2023-02-28T07:51,2023-02-28T18:31,0.012,0.000,0.083,6.47,0.016
2023-03-01,33.9,1.7,17.2,2023-03-01T07:49,2023-03-01T18:33,0.020,0.000,0.138,6.62,0.029
2023-03-02,38.5,25.7,30.9,2023-03-02T07:46,2023-03-02T18:35,0.094,0.000,0.661,4.27,0.026
2023-03-03,44.9,15.5,29.7,2023-03-03T07:44,2023-03-03T18:37,0.000,0.000,0.000,11.16,0.049
2023-03-04,40.2,20.3,28.5,2023-03-04T07:42,2023-03-04T18:39,0.000,0.000,0.000,8.35,0.041
2023-03-05,22.3,4.3,16.7,2023-03-05T07:39,2023-03-05T18:41,0.035,0.000,0.248,8.54,0.025
2023-03-06,24.7,-1.9,11.3,2023-03-06T07:37,2023-03-06T18:43,0.012,0.000,0.083,8.29,0.023
2023-03-07,29.5,15.7,21.3,2023-03-07T07:34,2023-03-07T18:45,0.016,0.000,0.110,10.57,0.032
2023-03-08,29.3,21.7,24.9,2023-03-08T07:32,2023-03-08T18:47,0.031,0.000,0.220,7.86,0.030
2023-03-09,30.7,15.0,25.3,2023-03-09T07:29,2023-03-09T18:49,0.059,0.000,0.413,9.02,0.037
2023-03-10,10.4,0.3,4.5,2023-03-10T07:27,2023-03-10T18:51,0.004,0.004,0.000,11.33,0.020
2023-03-11,16.3,-13.7,2.7,2023-03-11T07:24,2023-03-11T18:53,0.000,0.000,0.000,12.42,0.025
2023-03-12,27.8,3.0,15.7,2023-03-12T07:22,2023-03-12T18:55,0.024,0.004,0.138,9.49,0.031
2023-03-13,29.0,11.9,22.7,2023-03-13T07:19,2023-03-13T18:57,0.102,0.000,0.744,7.05,0.026
2023-03-14,19.5,7.3,13.6,2023-03-14T07:17,2023-03-14T18:59,0.063,0.000,0.441,10.18,0.026
2023-03-15,22.0,-2.4,11.1,2023-03-15T07:14,2023-03-15T19:01,0.000,0.000,0.000,14.87,0.037
2023-03-16,25.5,-8.2,8.8,2023-03-16T07:12,2023-03-16T19:03,0.000,0.000,0.000,15.31,0.039
2023-03-17,33.8,-4.1,15.0,2023-03-17T07:09,2023-03-17T19:05,0.000,0.000,0.000,15.77,0.050
2023-03-18,40.4,5.9,23.6,2023-03-18T07:07,2023-03-18T19:06,0.000,0.000,0.000,15.37,0.058
2023-03-19,43.0,16.8,29.7,2023-03-19T07:04,2023-03-19T19:08,0.000,0.000,0.000,15.86,0.067
2023-03-20,31.1,12.8,22.9,2023-03-20T07:02,2023-03-20T19:10,0.039,0.000,0.276,7.90,0.031
2023-03-21,11.8,-1.9,4.8,2023-03-21T06:59,2023-03-21T19:12,0.004,0.000,0.028,15.52,0.026
2023-03-22,14.1,-10.5,2.3,2023-03-22T06:57,2023-03-22T19:14,0.000,0.000,0.000,15.42,0.028
2023-03-23,22.8,-7.4,9.3,2023-03-23T06:54,2023-03-23T19:16,0.000,0.000,0.000,17.34,0.046
2023-03-24,26.2,-7.8,10.3,2023-03-24T06:52,2023-03-24T19:18,0.000,0.000,0.000,17.58,0.044
2023-03-25,32.0,-1.7,16.9,2023-03-25T06:49,2023-03-25T19:20,0.004,0.000,0.028,13.59,0.045
2023-03-26,37.7,24.3,29.8,2023-03-26T06:47,2023-03-26T19:22,0.016,0.000,0.110,7.58,0.036
2023-03-27,45.6,23.3,34.4,2023-03-27T06:44,2023-03-27T19:24,0.004,0.004,0.000,13.51,0.067
2023-03-28,41.8,30.6,36.7,2023-03-28T06:42,2023-03-28T19:26,0.028,0.020,0.055,10.25,0.054
2023-03-29,44.8,30.8,36.3,2023-03-29T06:39,2023-03-29T19:28,0.039,0.012,0.220,6.18,0.037
2023-03-30,50.0,25.4,38.6,2023-03-30T06:37,2023-03-30T19:29,0.000,0.000,0.000,18.15,0.091
2023-03-31,34.7,9.9,22.8,2023-03-31T06:34,2023-03-31T19:31,0.154,0.031,0.882,8.24,0.031
2023-04-01,17.6,3.2,10.3,2023-04-01T06:32,2023-04-01T19:33,0.012,0.000,0.083,15.54,0.036
2023-04-02,18.7,-5.3,9.1,2023-04-02T06:29,2023-04-02T19:35,0.000,0.000,0.000,16.53,0.039
2023-04-03,23.2,-4.9,11.7,2023-04-03T06:27,2023-04-03T19:37,0.000,0.000,0.000,19.74,0.049
2023-04-04,30.8,14.2,23.3,2023-04-04T06:24,2023-04-04T19:39,0.047,0.000,0.331,8.18,0.035
2023-04-05,26.3,6.4,21.9,2023-04-05T06:22,2023-04-05T19:41,0.091,0.000,0.634,14.91,0.042
2023-04-06,32.6,-4.4,15.8,2023-04-06T06:19,2023-04-06T19:43,0.000,0.000,0.000,19.29,0.063
2023-04-07,50.0,21.9,34.4,2023-04-07T06:17,2023-04-07T19:45,0.000,0.000,0.000,20.32,0.109
2023-04-08,31.2,6.9,25.0,2023-04-08T06:14,2023-04-08T19:47,0.012,0.000,0.110,15.72,0.055
2023-04-09,30.6,11.8,21.1,2023-04-09T06:12,2023-04-09T19:49,0.020,0.000,0.138,13.84,0.050
2023-04-10,21.5,4.6,16.1,2023-04-10T06:10,2023-04-10T19:50,0.031,0.000,0.220,20.79,0.047
2023-04-11,39.5,0.4,21.5,2023-04-11T06:07,2023-04-11T19:52,0.000,0.000,0.000,20.63,0.077
2023-04-12,34.7,15.5,27.0,2023-04-12T06:05,2023-04-12T19:54,0.031,0.000,0.220,16.07,0.065
2023-04-13,30.1,11.8,22.2,2023-04-13T06:02,2023-04-13T19:56,0.000,0.000,0.000,18.90,0.062
2023-04-14,41.5,6.8,25.7,2023-04-14T06:00,2023-04-14T19:58,0.000,0.000,0.000,19.98,0.085
2023-04-15,43.0,16.1,26.9,2023-04-15T05:57,2023-04-15T20:00,0.047,0.000,0.331,12.34,0.061
2023-04-16,28.4,12.1,19.3,2023-04-16T05:55,2023-04-16T20:02,0.000,0.000,0.000,20.35,0.062
2023-04-17,32.8,14.7,23.7,2023-04-17T05:53,2023-04-17T20:04,0.012,0.000,0.083,20.39,0.071
2023-04-18,38.7,21.3,30.6,2023-04-18T05:50,2023-04-18T20:06,0.008,0.000,0.055,16.57,0.077
2023-04-19,30.0,11.2,21.4,2023-04-19T05:48,2023-04-19T20:08,0.055,0.000,0.386,19.23,0.070
2023-04-20,28.9,7.3,19.1,2023-04-20T05:45,2023-04-20T20:10,0.004,0.000,0.028,21.36,0.073
2023-04-21,33.5,19.6,25.7,2023-04-21T05:43,2023-04-21T20:12,0.004,0.004,0.000,17.96,0.075
2023-04-22,39.1,17.8,28.5,2023-04-22T05:41,2023-04-22T20:13,0.000,0.000,0.000,20.07,0.094
2023-04-23,38.7,23.6,30.2,2023-04-23T05:39,2023-04-23T20:15,0.000,0.000,0.000,21.82,0.100
2023-04-24,46.7,20.3,33.4,2023-04-24T05:36,2023-04-24T20:17,0.000,0.000,0.000,24.41,0.115
2023-04-25,55.6,24.5,39.7,2023-04-25T05:34,2023-04-25T20:19,0.000,0.000,0.000,19.99,0.121
2023-04-26,37.0,26.9,32.1,2023-04-26T05:32,2023-04-26T20:21,0.024,0.000,0.193,9.10,0.045
2023-04-27,42.8,23.4,32.8,2023-04-27T05:30,2023-04-27T20:23,0.000,0.000,0.000,19.94,0.089
2023-04-28,45.1,25.2,35.9,2023-04-28T05:27,2023-04-28T20:25,0.020,0.016,0.028,14.25,0.078
2023-04-29,55.1,32.9,41.9,2023-04-29T05:25,2023-04-29T20:27,0.177,0.142,0.248,9.73,0.063
2023-04-30,50.9,30.5,38.7,2023-04-30T05:23,2023-04-30T20:29,0.169,0.165,0.028,13.74,0.071
2023-05-01,43.0,28.8,35.2,2023-05-01T05:21,2023-05-01T20:30,0.000,0.000,0.000,18.49,0.091
2023-05-02,41.8,24.7,32.4,2023-05-02T05:19,2023-05-02T20:32,0.035,0.000,0.248,20.78,0.093
2023-05-03,42.5,24.3,33.6,2023-05-03T05:17,2023-05-03T20:34,0.012,0.000,0.083,17.73,0.084
2023-05-04,47.9,23.8,36.8,2023-05-04T05:15,2023-05-04T20:36,0.012,0.004,0.055,21.55,0.109
2023-05-05,48.0,27.4,38.3,2023-05-05T05:13,2023-05-05T20:38,0.008,0.008,0.000,22.57,0.114
2023-05-06,50.4,30.5,40.9,2023-05-06T05:11,2023-05-06T20:40,0.020,0.020,0.000,10.85,0.072
2023-05-07,52.7,36.3,44.2,2023-05-07T05:09,2023-05-07T20:42,0.000,0.000,0.000,25.47,0.136
2023-05-08,64.3,29.3,48.6,2023-05-08T05:07,2023-05-08T20:43,0.000,0.000,0.000,24.59,0.153
2023-05-09,71.1,34.7,53.4,2023-05-09T05:05,2023-05-09T20:45,0.000,0.000,0.000,25.92,0.181
2023-05-10,65.8,40.2,52.3,2023-05-10T05:03,2023-05-10T20:47,0.031,0.031,0.000,14.76,0.119
2023-05-11,49.7,34.9,42.0,2023-05-11T05:01,2023-05-11T20:49,0.154,0.146,0.055,23.88,0.123
2023-05-12,58.3,29.3,42.6,2023-05-12T04:59,2023-05-12T20:51,0.091,0.091,0.000,14.80,0.099
2023-05-13,49.8,30.0,40.9,2023-05-13T04:57,2023-05-13T20:53,0.063,0.043,0.138,20.23,0.100
2023-05-14,38.5,25.4,32.2,2023-05-14T04:55,2023-05-14T20:54,0.008,0.000,0.055,23.39,0.099
2023-05-15,53.0,22.7,37.7,2023-05-15T04:54,2023-05-15T20:56,0.000,0.000,0.000,26.43,0.137
2023-05-16,50.3,31.0,41.7,2023-05-16T04:52,2023-05-16T20:58,0.000,0.000,0.000,22.08,0.125
2023-05-17,56.2,31.9,43.7,2023-05-17T04:50,2023-05-17T20:59,0.063,0.059,0.028,18.84,0.106
2023-05-18,44.5,31.6,37.2,2023-05-18T04:49,2023-05-18T21:01,0.193,0.031,1.130,12.42,0.067
2023-05-19,37.2,28.4,33.6,2023-05-19T04:47,2023-05-19T21:03,0.500,0.110,2.728,6.20,0.030
2023-05-20,59.0,31.9,45.3,2023-05-20T04:46,2023-05-20T21:04,0.000,0.000,0.000,23.99,0.143
2023-05-21,64.9,31.3,50.5,2023-05-21T04:44,2023-05-21T21:06,0.000,0.000,0.000,27.51,0.168
2023-05-22,66.5,36.6,52.4,2023-05-22T04:43,2023-05-22T21:08,0.047,0.047,0.000,23.66,0.152
2023-05-23,56.8,35.1,47.3,2023-05-23T04:41,2023-05-23T21:09,0.193,0.193,0.000,19.70,0.110
2023-05-24,43.9,32.4,40.2,2023-05-24T04:40,2023-05-24T21:11,0.291,0.217,0.524,9.57,0.052
2023-05-25,39.0,30.4,34.8,2023-05-25T04:39,2023-05-25T21:12,0.366,0.031,2.343,6.50,0.038
2023-05-26,49.4,32.9,39.5,2023-05-26T04:37,2023-05-26T21:14,0.083,0.051,0.220,16.75,0.088
2023-05-27,55.4,31.9,43.7,2023-05-27T04:36,2023-05-27T21:15,0.071,0.071,0.000,19.01,0.106
2023-05-28,58.5,34.1,45.9,2023-05-28T04:35,2023-05-28T21:17,0.193,0.193,0.000,21.07,0.119
2023-05-29,65.9,32.2,50.7,2023-05-29T04:34,2023-05-29T21:18,0.000,0.000,0.000,28.09,0.175
2023-05-30,64.3,40.7,52.4,2023-05-30T04:33,2023-05-30T21:20,0.008,0.008,0.000,14.38,0.117
2023-05-31,65.8,44.1,54.7,2023-05-31T04:31,2023-05-31T21:21,0.000,0.000,0.000,23.34,0.171
2023-06-01,67.2,41.8,55.2,2023-06-01T04:30,2023-06-01T21:22,0.008,0.008,0.000,25.73,0.179
2023-06-02,68.4,42.4,55.8,2023-06-02T04:30,2023-06-02T21:23,0.035,0.035,0.000,22.29,0.153
2023-06-03,54.4,47.0,50.7,2023-06-03T04:29,2023-06-03T21:25,0.531,0.531,0.000,6.39,0.042
2023-06-04,69.8,43.1,57.0,2023-06-04T04:28,2023-06-04T21:26,0.016,0.016,0.000,20.98,0.148
2023-06-05,69.7,44.7,58.2,2023-06-05T04:27,2023-06-05T21:27,0.075,0.075,0.000,21.69,0.170
2023-06-06,63.6,47.9,56.4,2023-06-06T04:26,2023-06-06T21:28,0.008,0.008,0.000,27.45,0.175
2023-06-07,73.6,39.7,57.9,2023-06-07T04:26,2023-06-07T21:29,0.000,0.000,0.000,26.35,0.184
2023-06-08,77.0,49.9,64.7,2023-06-08T04:25,2023-06-08T21:30,0.000,0.000,0.000,27.30,0.204
2023-06-09,80.3,48.1,66.5,2023-06-09T04:24,2023-06-09T21:31,0.000,0.000,0.000,27.72,0.205
2023-06-10,84.0,53.0,67.7,2023-06-10T04:24,2023-06-10T21:32,0.008,0.008,0.000,22.95,0.179
2023-06-11,80.6,54.3,63.7,2023-06-11T04:23,2023-06-11T21:33,0.248,0.248,0.000,19.28,0.138
2023-06-12,65.9,51.5,58.2,2023-06-12T04:23,2023-06-12T21:33,0.016,0.016,0.000,12.22,0.099
2023-06-13,63.7,47.3,53.1,2023-06-13T04:23,2023-06-13T21:34,0.256,0.256,0.000,12.23,0.089
2023-06-14,72.5,40.4,57.9,2023-06-14T04:23,2023-06-14T21:35,0.000,0.000,0.000,28.45,0.199
2023-06-15,53.5,38.7,47.2,2023-06-15T04:22,2023-06-15T21:35,0.224,0.224,0.000,17.14,0.101
2023-06-16,68.1,34.9,52.9,2023-06-16T04:22,2023-06-16T21:36,0.000,0.000,0.000,29.25,0.187
2023-06-17,72.6,42.0,59.1,2023-06-17T04:22,2023-06-17T21:37,0.000,0.000,0.000,22.26,0.163
2023-06-18,73.6,47.6,62.6,2023-06-18T04:22,2023-06-18T21:37,0.004,0.004,0.000,26.36,0.188
2023-06-19,72.2,49.2,61.5,2023-06-19T04:22,2023-06-19T21:37,0.012,0.012,0.000,24.53,0.183
2023-06-20,72.8,48.2,60.3,2023-06-20T04:22,2023-06-20T21:38,0.000,0.000,0.000,25.32,0.181
2023-06-21,82.3,48.9,66.0,2023-06-21T04:22,2023-06-21T21:38,0.000,0.000,0.000,26.85,0.208
2023-06-22,86.1,56.1,68.8,2023-06-22T04:23,2023-06-22T21:38,0.264,0.264,0.000,20.35,0.173
2023-06-23,73.4,59.0,65.1,2023-06-23T04:23,2023-06-23T21:38,0.059,0.059,0.000,21.80,0.161
2023-06-24,67.5,53.3,60.4,2023-06-24T04:23,2023-06-24T21:39,0.079,0.079,0.000,11.41,0.086
2023-06-25,74.2,47.0,62.3,2023-06-25T04:24,2023-06-25T21:39,0.004,0.004,0.000,25.13,0.180
2023-06-26,60.8,53.0,56.3,2023-06-26T04:24,2023-06-26T21:39,0.622,0.622,0.000,4.27,0.034
2023-06-27,56.0,49.8,52.6,2023-06-27T04:25,2023-06-27T21:38,0.063,0.063,0.000,7.54,0.056
2023-06-28,60.9,46.6,54.3,2023-06-28T04:25,2023-06-28T21:38,0.000,0.000,0.000,14.60,0.104
2023-06-29,68.0,48.9,58.3,2023-06-29T04:26,2023-06-29T21:38,0.000,0.000,0.000,19.60,0.134
2023-06-30,66.9,47.0,58.0,2023-06-30T04:26,2023-06-30T21:38,0.035,0.035,0.000,19.09,0.126
2023-07-01,67.2,48.8,58.8,2023-07-01T04:27,2023-07-01T21:37,0.000,0.000,0.000,16.63,0.122
2023-07-02,70.7,53.8,61.9,2023-07-02T04:28,2023-07-02T21:37,0.004,0.004,0.000,13.52,0.109
2023-07-03,69.5,54.3,60.5,2023-07-03T04:29,2023-07-03T21:36,0.213,0.213,0.000,15.99,0.110
2023-07-04,68.1,54.0,59.5,2023-07-04T04:30,2023-07-04T21:36,0.665,0.665,0.000,9.98,0.064
2023-07-05,71.6,58.2,63.6,2023-07-05T04:31,2023-07-05T21:35,0.547,0.547,0.000,12.92,0.092
2023-07-06,68.1,59.0,63.6,2023-07-06T04:32,2023-07-06T21:35,0.118,0.118,0.000,9.63,0.070
2023-07-07,74.2,56.0,66.2,2023-07-07T04:33,2023-07-07T21:34,0.000,0.000,0.000,20.17,0.149
2023-07-08,78.6,56.1,68.9,2023-07-08T04:34,2023-07-08T21:33,0.000,0.000,0.000,23.57,0.175
2023-07-09,80.6,57.2,68.3,2023-07-09T04:35,2023-07-09T21:33,0.114,0.114,0.000,23.43,0.173
2023-07-10,70.3,59.0,63.7,2023-07-10T04:36,2023-07-10T21:32,0.185,0.185,0.000,13.01,0.091
2023-07-11,75.5,53.8,65.9,2023-07-11T04:37,2023-07-11T21:31,0.035,0.035,0.000,24.25,0.178
2023-07-12,73.0,55.2,63.2,2023-07-12T04:38,2023-07-12T21:30,0.024,0.024,0.000,17.37,0.132
2023-07-13,68.9,51.1,59.7,2023-07-13T04:40,2023-07-13T21:29,0.000,0.000,0.000,23.05,0.158
2023-07-14,73.4,49.0,61.1,2023-07-14T04:41,2023-07-14T21:28,0.063,0.063,0.000,18.42,0.130
2023-07-15,79.4,53.0,65.9,2023-07-15T04:42,2023-07-15T21:27,0.035,0.035,0.000,21.61,0.159
2023-07-16,84.0,54.5,70.5,2023-07-16T04:44,2023-07-16T21:25,0.000,0.000,0.000,25.54,0.199
2023-07-17,71.5,59.5,65.3,2023-07-17T04:45,2023-07-17T21:24,0.150,0.150,0.000,19.75,0.137
2023-07-18,67.7,54.9,60.9,2023-07-18T04:46,2023-07-18T21:23,0.024,0.024,0.000,18.34,0.127
2023-07-19,68.0,49.1,60.1,2023-07-19T04:48,2023-07-19T21:22,0.000,0.000,0.000,20.70,0.142
2023-07-20,74.3,47.9,63.2,2023-07-20T04:49,2023-07-20T21:20,0.000,0.000,0.000,26.11,0.192
2023-07-21,76.8,49.1,64.4,2023-07-21T04:51,2023-07-21T21:19,0.000,0.000,0.000,24.76,0.183
2023-07-22,78.8,52.7,66.9,2023-07-22T04:52,2023-07-22T21:17,0.000,0.000,0.000,25.04,0.188
2023-07-23,77.2,54.8,66.4,2023-07-23T04:54,2023-07-23T21:16,0.039,0.039,0.000,20.71,0.158
2023-07-24,65.8,56.4,61.3,2023-07-24T04:56,2023-07-24T21:14,0.138,0.138,0.000,11.81,0.079
2023-07-25,73.5,52.4,63.4,2023-07-25T04:57,2023-07-25T21:13,0.035,0.035,0.000,21.95,0.152
2023-07-26,74.4,53.5,64.6,2023-07-26T04:59,2023-07-26T21:11,0.000,0.000,0.000,18.59,0.136
2023-07-27,72.5,54.0,64.5,2023-07-27T05:01,2023-07-27T21:09,0.020,0.020,0.000,21.51,0.154
2023-07-28,77.0,55.7,67.0,2023-07-28T05:02,2023-07-28T21:08,0.020,0.020,0.000,23.23,0.168
2023-07-29,84.2,57.2,71.6,2023-07-29T05:04,2023-07-29T21:06,0.000,0.000,0.000,24.88,0.193
2023-07-30,78.1,63.3,69.6,2023-07-30T05:06,2023-07-30T21:04,0.008,0.008,0.000,15.29,0.122
2023-07-31,84.6,58.5,71.9,2023-07-31T05:07,2023-07-31T21:02,0.000,0.000,0.000,23.85,0.193
2023-08-01,82.3,61.6,72.2,2023-08-01T05:09,2023-08-01T21:01,0.004,0.004,0.000,17.15,0.137
2023-08-02,78.1,61.7,67.9,2023-08-02T05:11,2023-08-02T20:59,0.079,0.079,0.000,15.66,0.117
2023-08-03,79.8,59.5,68.8,2023-08-03T05:13,2023-08-03T20:57,0.000,0.000,0.000,23.75,0.181
2023-08-04,75.8,59.9,66.2,2023-08-04T05:14,2023-08-04T20:55,0.004,0.004,0.000,15.20,0.116
2023-08-05,68.6,58.2,63.7,2023-08-05T05:16,2023-08-05T20:53,0.213,0.213,0.000,10.30,0.075
2023-08-06,75.2,55.0,65.1,2023-08-06T05:18,2023-08-06T20:51,0.000,0.000,0.000,23.95,0.169
2023-08-07,74.5,52.7,63.9,2023-08-07T05:20,2023-08-07T20:49,0.039,0.039,0.000,19.13,0.135
2023-08-08,77.2,55.6,67.0,2023-08-08T05:21,2023-08-08T20:47,0.000,0.000,0.000,18.80,0.145
2023-08-09,77.4,55.6,65.2,2023-08-09T05:23,2023-08-09T20:45,0.437,0.437,0.000,15.25,0.112
2023-08-10,64.1,57.8,61.7,2023-08-10T05:25,2023-08-10T20:43,0.906,0.906,0.000,6.18,0.039
2023-08-11,72.5,53.5,62.8,2023-08-11T05:27,2023-08-11T20:41,0.016,0.016,0.000,20.32,0.139
2023-08-12,77.9,50.9,65.4,2023-08-12T05:29,2023-08-12T20:39,0.000,0.000,0.000,23.62,0.166
2023-08-13,78.1,54.6,67.4,2023-08-13T05:30,2023-08-13T20:37,0.000,0.000,0.000,22.04,0.162
2023-08-14,77.1,55.9,67.5,2023-08-14T05:32,2023-08-14T20:34,0.000,0.000,0.000,21.93,0.164
2023-08-15,77.1,55.8,66.5,2023-08-15T05:34,2023-08-15T20:32,0.004,0.004,0.000,21.32,0.159
2023-08-16,60.8,50.3,54.6,2023-08-16T05:36,2023-08-16T20:30,1.303,1.303,0.000,2.12,0.019
2023-08-17,62.0,50.1,55.0,2023-08-17T05:38,2023-08-17T20:28,0.051,0.051,0.000,14.93,0.100
2023-08-18,60.7,47.9,54.2,2023-08-18T05:40,2023-08-18T20:25,0.051,0.051,0.000,13.82,0.087
2023-08-19,60.0,50.8,54.3,2023-08-19T05:41,2023-08-19T20:23,0.067,0.067,0.000,12.09,0.082
2023-08-20,57.2,45.4,51.6,2023-08-20T05:43,2023-08-20T20:21,0.118,0.118,0.000,9.62,0.061
2023-08-21,60.4,43.1,53.1,2023-08-21T05:45,2023-08-21T20:18,0.008,0.008,0.000,10.86,0.075
2023-08-22,64.4,44.6,55.8,2023-08-22T05:47,2023-08-22T20:16,0.000,0.000,0.000,15.52,0.102
2023-08-23,68.1,47.1,58.1,2023-08-23T05:49,2023-08-23T20:14,0.000,0.000,0.000,18.33,0.118
2023-08-24,70.7,47.8,60.7,2023-08-24T05:51,2023-08-24T20:12,0.008,0.008,0.000,18.53,0.125
2023-08-25,72.3,47.4,61.0,2023-08-25T05:52,2023-08-25T20:09,0.000,0.000,0.000,20.59,0.144
2023-08-26,73.1,48.0,61.1,2023-08-26T05:54,2023-08-26T20:07,0.016,0.016,0.000,19.26,0.133
2023-08-27,73.2,50.9,61.6,2023-08-27T05:56,2023-08-27T20:04,0.008,0.008,0.000,17.57,0.120
2023-08-28,76.5,48.8,62.8,2023-08-28T05:58,2023-08-28T20:02,0.000,0.000,0.000,19.57,0.140
2023-08-29,80.0,53.6,66.1,2023-08-29T06:00,2023-08-29T20:00,0.000,0.000,0.000,20.46,0.153
2023-08-30,78.7,54.5,65.7,2023-08-30T06:01,2023-08-30T19:57,0.000,0.000,0.000,20.28,0.151
2023-08-31,76.6,53.5,65.2,2023-08-31T06:03,2023-08-31T19:55,0.000,0.000,0.000,18.66,0.139
2023-09-01,75.6,51.3,64.3,2023-09-01T06:05,2023-09-01T19:52,0.000,0.000,0.000,16.95,0.124
2023-09-02,63.3,46.6,57.0,2023-09-02T06:07,2023-09-02T19:50,0.059,0.059,0.000,12.91,0.092
2023-09-03,61.8,38.3,49.9,2023-09-03T06:09,2023-09-03T19:47,0.000,0.000,0.000,19.83,0.115
2023-09-04,66.2,41.0,53.1,2023-09-04T06:11,2023-09-04T19:45,0.020,0.020,0.000,17.36,0.108
2023-09-05,70.8,43.4,56.7,2023-09-05T06:12,2023-09-05T19:42,0.000,0.000,0.000,14.74,0.104
2023-09-06,65.3,51.1,57.2,2023-09-06T06:14,2023-09-06T19:40,0.000,0.000,0.000,9.12,0.069
2023-09-07,57.3,44.9,51.6,2023-09-07T06:16,2023-09-07T19:37,0.024,0.024,0.000,8.91,0.062
2023-09-08,51.9,41.4,46.7,2023-09-08T06:18,2023-09-08T19:35,0.165,0.165,0.000,6.17,0.036
2023-09-09,55.6,38.0,45.8,2023-09-09T06:20,2023-09-09T19:32,0.024,0.024,0.000,12.53,0.071
2023-09-10,49.4,37.5,43.1,2023-09-10T06:21,2023-09-10T19:30,0.083,0.083,0.000,6.96,0.043
2023-09-11,53.8,34.3,43.7,2023-09-11T06:23,2023-09-11T19:27,0.000,0.000,0.000,14.48,0.077
2023-09-12,57.3,32.5,44.6,2023-09-12T06:25,2023-09-12T19:25,0.000,0.000,0.000,18.06,0.097
2023-09-13,61.6,33.0,46.6,2023-09-13T06:27,2023-09-13T19:22,0.000,0.000,0.000,16.29,0.093
2023-09-14,60.5,35.5,47.9,2023-09-14T06:29,2023-09-14T19:20,0.000,0.000,0.000,15.20,0.089
2023-09-15,61.6,37.5,49.5,2023-09-15T06:31,2023-09-15T19:17,0.000,0.000,0.000,16.87,0.099
2023-09-16,62.7,38.7,50.6,2023-09-16T06:32,2023-09-16T19:15,0.000,0.000,0.000,16.59,0.104
2023-09-17,62.2,40.5,50.8,2023-09-17T06:34,2023-09-17T19:12,0.012,0.012,0.000,15.32,0.094
2023-09-18,61.7,39.7,50.8,2023-09-18T06:36,2023-09-18T19:10,0.004,0.004,0.000,13.01,0.079
2023-09-19,62.5,37.3,49.9,2023-09-19T06:38,2023-09-19T19:07,0.004,0.004,0.000,13.34,0.078
2023-09-20,61.7,39.5,50.2,2023-09-20T06:40,2023-09-20T19:05,0.012,0.012,0.000,13.86,0.085
2023-09-21,60.0,37.9,48.9,2023-09-21T06:41,2023-09-21T19:02,0.000,0.000,0.000,11.47,0.073
2023-09-22,63.4,39.0,49.5,2023-09-22T06:43,2023-09-22T19:00,0.004,0.004,0.000,13.03,0.081
2023-09-23,65.3,38.9,50.4,2023-09-23T06:45,2023-09-23T18:57,0.000,0.000,0.000,12.19,0.079
2023-09-24,59.4,42.7,49.2,2023-09-24T06:47,2023-09-24T18:54,0.311,0.311,0.000,10.33,0.058
2023-09-25,53.5,43.0,47.2,2023-09-25T06:49,2023-09-25T18:52,0.000,0.000,0.000,5.42,0.037
2023-09-26,61.6,41.0,49.1,2023-09-26T06:51,2023-09-26T18:49,0.020,0.020,0.000,12.71,0.077
2023-09-27,58.1,37.8,47.0,2023-09-27T06:53,2023-09-27T18:47,0.000,0.000,0.000,12.50,0.069
2023-09-28,55.8,39.0,46.0,2023-09-28T06:54,2023-09-28T18:44,0.000,0.000,0.000,12.75,0.068
2023-09-29,57.0,32.9,44.5,2023-09-29T06:56,2023-09-29T18:42,0.000,0.000,0.000,11.92,0.067
2023-09-30,52.6,36.1,43.0,2023-09-30T06:58,2023-09-30T18:39,0.000,0.000,0.000,8.34,0.047
2023-10-01,54.2,31.8,40.1,2023-10-01T07:00,2023-10-01T18:37,0.012,0.012,0.000,6.31,0.038
2023-10-02,40.1,24.6,31.9,2023-10-02T07:02,2023-10-02T18:34,0.000,0.000,0.000,12.18,0.050
2023-10-03,36.7,28.1,32.8,2023-10-03T07:04,2023-10-03T18:32,0.055,0.000,0.386,6.10,0.032
2023-10-04,52.7,31.8,40.1,2023-10-04T07:06,2023-10-04T18:29,0.008,0.000,0.055,12.37,0.062
2023-10-05,51.8,29.1,40.4,2023-10-05T07:07,2023-10-05T18:27,0.000,0.000,0.000,9.55,0.049
2023-10-06,50.9,31.9,39.9,2023-10-06T07:09,2023-10-06T18:24,0.008,0.008,0.000,7.07,0.042
2023-10-07,48.7,28.7,39.1,2023-10-07T07:11,2023-10-07T18:22,0.000,0.000,0.000,3.97,0.024
2023-10-08,56.9,31.3,42.7,2023-10-08T07:13,2023-10-08T18:19,0.000,0.000,0.000,10.84,0.059
2023-10-09,57.7,35.3,43.4,2023-10-09T07:15,2023-10-09T18:17,0.051,0.051,0.000,9.44,0.050
2023-10-10,57.5,30.2,42.4,2023-10-10T07:17,2023-10-10T18:15,0.000,0.000,0.000,9.87,0.052
2023-10-11,56.7,32.5,42.8,2023-10-11T07:19,2023-10-11T18:12,0.000,0.000,0.000,10.97,0.060
2023-10-12,60.8,33.8,45.2,2023-10-12T07:21,2023-10-12T18:10,0.000,0.000,0.000,10.50,0.061
2023-10-13,62.7,36.9,47.5,2023-10-13T07:23,2023-10-13T18:07,0.004,0.004,0.000,7.48,0.064
2023-10-14,39.9,32.4,35.8,2023-10-14T07:24,2023-10-14T18:05,0.000,0.000,0.000,4.19,0.034
2023-10-15,48.7,26.8,36.5,2023-10-15T07:26,2023-10-15T18:02,0.000,0.000,0.000,9.55,0.050
2023-10-16,38.2,30.1,33.8,2023-10-16T07:28,2023-10-16T18:00,0.185,0.035,1.047,2.31,0.014
2023-10-17,36.5,32.0,34.5,2023-10-17T07:30,2023-10-17T17:58,0.232,0.012,1.543,2.78,0.018
2023-10-18,37.9,30.0,34.0,2023-10-18T07:32,2023-10-18T17:55,0.114,0.004,0.772,5.95,0.032
2023-10-19,39.8,24.6,31.0,2023-10-19T07:34,2023-10-19T17:53,0.000,0.000,0.000,9.06,0.034
2023-10-20,50.0,24.0,34.3,2023-10-20T07:36,2023-10-20T17:51,0.000,0.000,0.000,8.99,0.043
2023-10-21,43.4,26.2,34.2,2023-10-21T07:38,2023-10-21T17:48,0.000,0.000,0.000,7.90,0.033
2023-10-22,43.7,27.2,33.6,2023-10-22T07:40,2023-10-22T17:46,0.004,0.004,0.000,4.88,0.024
2023-10-23,43.7,23.6,31.9,2023-10-23T07:42,2023-10-23T17:44,0.000,0.000,0.000,8.06,0.046
2023-10-24,37.3,26.1,33.3,2023-10-24T07:44,2023-10-24T17:42,0.091,0.047,0.303,5.54,0.032
2023-10-25,34.4,21.0,27.1,2023-10-25T07:46,2023-10-25T17:39,0.000,0.000,0.000,-0.00,0.036
2023-10-26,48.8,29.7,35.9,2023-10-26T07:48,2023-10-26T17:37,0.008,0.000,0.055,0.00,0.042
2023-10-27,50.8,30.9,38.7,2023-10-27T07:50,2023-10-27T17:35,0.000,0.000,0.000,-0.01,0.037
2023-10-28,36.7,19.4,27.0,2023-10-28T07:52,2023-10-28T17:33,0.091,0.004,0.661,0.00,0.032
2023-10-29,26.6,16.1,20.5,2023-10-29T07:54,2023-10-29T17:31,0.004,0.000,0.028,-0.00,0.022
2023-10-30,28.5,11.7,18.8,2023-10-30T07:56,2023-10-30T17:29,0.000,0.000,0.000,-0.00,0.023
2023-10-31,25.7,12.7,18.2,2023-10-31T07:58,2023-10-31T17:27,0.000,0.000,0.000,0.00,0.025
2023-11-01,21.1,9.9,14.1,2023-11-01T08:00,2023-11-01T17:24,0.000,0.000,0.000,0.00,0.023
2023-11-02,18.6,5.6,10.8,2023-11-02T08:02,2023-11-02T17:22,0.000,0.000,0.000,0.00,0.019
2023-11-03,21.1,4.3,10.4,2023-11-03T08:04,2023-11-03T17:20,0.000,0.000,0.000,-0.00,0.017
2023-11-04,14.6,0.5,6.7,2023-11-04T08:06,2023-11-04T17:18,0.000,0.000,0.000,-0.00,0.015
2023-11-05,20.2,1.4,10.5,2023-11-05T08:08,2023-11-05T17:16,0.000,0.000,0.000,0.01,0.020
2023-11-06,21.1,14.6,18.3,2023-11-06T08:10,2023-11-06T17:14,0.063,0.000,0.441,-0.00,0.013
2023-11-07,16.7,8.6,12.9,2023-11-07T08:12,2023-11-07T17:12,0.000,0.000,0.000,0.00,0.013
2023-11-08,13.4,6.8,9.7,2023-11-08T08:14,2023-11-08T17:11,0.020,0.000,0.165,-0.01,0.011
2023-11-09,10.6,0.8,6.2,2023-11-09T08:16,2023-11-09T17:09,0.004,0.000,0.028,0.00,0.008
2023-11-10,14.1,0.1,5.1,2023-11-10T08:18,2023-11-10T17:07,0.000,0.000,0.000,0.00,0.011
2023-11-11,1.2,0.4,NaN,2023-11-11T08:20,2023-11-11T17:05,NaN,NaN,NaN,NaN,NaN
